threads,elapsed,computation,communication
1,95.111634,95.051679,0.059792
2,52.345687,52.283648,0.061871
4,33.806744,33.739659,0.066887
8,26.205865,26.134709,0.070980
16,20.829973,20.749312,0.080471
32,10.961517,10.874710,0.086596
56,6.841703,6.735876,0.105568
84,7.332678,7.217288,0.115054
112,6.530154,6.407887,0.121802
