threads,elapsed,computation,communication
1,114.104161,114.057428,0.046609
2,61.780225,61.726724,0.053375
4,38.187338,38.123939,0.063265
8,28.132167,28.066193,0.065838
16,21.904797,21.837851,0.066804
32,11.019567,10.945646,0.073775
56,6.380912,6.288167,0.092546
84,4.404147,4.300872,0.103027
112,3.308502,3.195992,0.112239
