threads,elapsed,computation,communication
1,28.665387,19.083583,0.040941
2,26.236395,19.312905,0.077921
4,25.798404,19.016906,0.058886
