threads,elapsed,computation,communication
1,24.390131,24.361083,0.026238
2,18.406028,18.374032,0.029084
4,11.584057,11.545685,0.035342
