threads,elapsed,computation,communication
1,77.654384,54.694069,0.075641
2,77.574961,54.574536,0.075978
4,75.337873,52.325512,0.076064
8,77.124711,54.063041,0.075906
16,77.853016,54.704258,0.077501
32,78.871468,55.563226,0.076215
56,75.756880,52.197807,0.078697
84,79.536586,55.728017,0.076490
112,80.467652,56.650735,0.077237
