threads,elapsed,computation,communication
1,58.700458,39.200419,0.117867
2,53.950213,39.856381,0.152046
4,55.101925,40.525377,0.124581
